NewSample,Sample_ID,Genotype,Stage,Group,Condition,Source,Accession ID,Prep_Date,RIN,TotalReads,percGC,percDup,SeqType,ReadLength,Salmon_kmer,Salmon_perc_mapped,Salmon_File,no_SA_mapping
Sample1,P4,pxdA.null,Adult,Liv_YG,YG_20hr,Liv,TBD,20220405,8,43181132,45,13.45,Paired,100,31,63.803,all-salmon-files/P4.tabular,
Sample2,P5,pxdA.null,Adult,Liv_YG,YG_20hr,Liv,TBD,20220405,8.5,53211454,46,15,Paired,100,31,65.6329,all-salmon-files/P5.tabular,
Sample3,P6,pxdA.null,Adult,Liv_YG,YG_20hr,Liv,TBD,20220405,8.3,50556988,46,15.04,Paired,100,31,66.5168,all-salmon-files/P6.tabular,
Sample4,PG1,pxdA.null,Germling,Liv_MM,MM_20hr,Liv,TBD,20220420,9.9,56393926,47,16.99,Paired,100,31,74.0848,all-salmon-files/PG1.tabular,
Sample5,PG2,pxdA.null,Germling,Liv_MM,MM_20hr,Liv,TBD,20220420,10,67546154,48,18.54,Paired,100,31,76.7178,all-salmon-files/PG2.tabular,
Sample6,PG3,pxdA.null,Germling,Liv_MM,MM_20hr,Liv,TBD,20220420,9.8,43516774,49,7.7,Paired,100,31,58.3834,all-salmon-files/PG3.tabular,
Sample7,W4,RPA33,Adult,Liv_YG,YG_20hr,Liv,TBD,20220405,8.1,67001062,46,11.8,Paired,100,31,63.2304,all-salmon-files/W4.tabular,
Sample8,W5,RPA33,Adult,Liv_YG,YG_20hr,Liv,TBD,20220405,5.1,50179004,50,11.33,Paired,100,31,42.3548,all-salmon-files/W5.tabular,
Sample9,W6,RPA33,Adult,Liv_YG,YG_20hr,Liv,TBD,20220405,8.8,47583578,45,18.48,Paired,100,31,78.3864,all-salmon-files/W6.tabular,
Sample10,WG1,RPA33,Germling,Liv_MM,MM_20hr,Liv,TBD,20220420,10,52489416,50,22,Paired,100,31,72.322,all-salmon-files/WG1.tabular,
Sample11,WG2,RPA33,Germling,Liv_MM,MM_20hr,Liv,TBD,20220420,10,46471954,50,20.22,Paired,100,31,66.7016,all-salmon-files/WG2.tabular,
Sample12,WG3,RPA33,Germling,Liv_MM,MM_20hr,Liv,TBD,20220420,9.6,84808742,49,18.56,Paired,100,31,74.026,all-salmon-files/WG3.tabular,
Sample13,entrystrain1,RPA33,Germling,Liv_MM2,MM_20hr,Liv,TBD,20221108,8.9,32445764,53,NA,Paired,100,31,88.6164,"all-salmon-files/Galaxy1393-[Salmon_quant_on_data_11,_data_10,_and_data_429_(Quantification)].tabular",
Sample14,entrystrain2,RPA33,Germling,Liv_MM2,MM_20hr,Liv,TBD,20221108,9.4,31313370,53,NA,Paired,100,31,88.6752,"all-salmon-files/Galaxy1394-[Salmon_quant_on_data_13,_data_12,_and_data_429_(Quantification)].tabular",
Sample15,entrystrain3,RPA33,Germling,Liv_MM2,MM_20hr,Liv,TBD,20221109,9.3,36398720,53,NA,Paired,100,31,86.9291,"all-salmon-files/Galaxy1395-[Salmon_quant_on_data_15,_data_14,_and_data_429_(Quantification)].tabular",
Sample16,entrystrain4,RPA33,Germling,Liv_MM2,MM_20hr,Liv,TBD,20221109,9.6,63572850,53,NA,Paired,100,31,88.0768,"all-salmon-files/Galaxy1396-[Salmon_quant_on_data_17,_data_16,_and_data_429_(Quantification)].tabular",
Sample17,entrystrain5,RPA33,Germling,Liv_MM2,MM_20hr,Liv,TBD,20221109,9.6,31850698,53,NA,Paired,100,31,89.0766,"all-salmon-files/Galaxy1397-[Salmon_quant_on_data_19,_data_18,_and_data_429_(Quantification)].tabular",
Sample18,hooka1,hookA.null,Germling,Liv_MM2,MM_20hr,Liv,TBD,20221108,9.4,40441540,52,NA,Paired,100,31,87.5194,"all-salmon-files/Galaxy1398-[Salmon_quant_on_data_21,_data_20,_and_data_429_(Quantification)].tabular",
Sample19,hooka2,hookA.null,Germling,Liv_MM2,MM_20hr,Liv,TBD,20221108,9.3,31345872,53,NA,Paired,100,31,87.9013,"all-salmon-files/Galaxy1399-[Salmon_quant_on_data_23,_data_22,_and_data_429_(Quantification)].tabular",
Sample20,hooka3,hookA.null,Germling,Liv_MM2,MM_20hr,Liv,TBD,20221109,9.7,32257198,53,NA,Paired,100,31,88.3356,"all-salmon-files/Galaxy1400-[Salmon_quant_on_data_25,_data_24,_and_data_429_(Quantification)].tabular",
Sample21,hooka4,hookA.null,Germling,Liv_MM2,MM_20hr,Liv,TBD,20221109,9.5,28265224,53,NA,Paired,100,31,87.3864,"all-salmon-files/Galaxy1401-[Salmon_quant_on_data_27,_data_26,_and_data_429_(Quantification)].tabular",
Sample22,hooka5,hookA.null,Germling,Liv_MM2,MM_20hr,Liv,TBD,20221109,9.4,69686380,53,NA,Paired,100,31,87.9135,"all-salmon-files/Galaxy1402-[Salmon_quant_on_data_29,_data_28,_and_data_429_(Quantification)].tabular",
Sample23,pex1,pex14.null,Germling,Liv_MM2,MM_20hr,Liv,TBD,20221108,9.3,40475998,53,NA,Paired,100,31,87.0871,"all-salmon-files/Galaxy1403-[Salmon_quant_on_data_31,_data_30,_and_data_429_(Quantification)].tabular",
Sample24,pex2,pex14.null,Germling,Liv_MM2,MM_20hr,Liv,TBD,20221108,9.2,33744964,53,NA,Paired,100,31,89.1936,"all-salmon-files/Galaxy1404-[Salmon_quant_on_data_2,_data_1,_and_data_429_(Quantification)].tabular",
Sample25,pex3,pex14.null,Germling,Liv_MM2,MM_20hr,Liv,TBD,20221109,9.3,46035498,53,NA,Paired,100,31,87.8257,"all-salmon-files/Galaxy1405-[Salmon_quant_on_data_4,_data_3,_and_data_429_(Quantification)].tabular",
Sample26,pex4,pex14.null,Germling,Liv_MM2,MM_20hr,Liv,TBD,20221109,9.4,39299796,53,NA,Paired,100,31,87.2144,"all-salmon-files/Galaxy1406-[Salmon_quant_on_data_6,_data_5,_and_data_429_(Quantification)].tabular",
Sample27,pex5,pex14.null,Germling,Liv_MM2,MM_20hr,Liv,TBD,20221109,9.2,32531830,52,NA,Paired,100,31,87.4406,"all-salmon-files/Galaxy1407-[Salmon_quant_on_data_8,_data_7,_and_data_429_(Quantification)].tabular",
Sample28,pxda1,pxdA.null,Germling,Liv_MM2,MM_20hr,Liv,TBD,20221108,9.4,33870566,53,NA,Paired,100,31,86.9115,"all-salmon-files/Galaxy1408-[Salmon_quant_on_data_33,_data_32,_and_data_429_(Quantification)].tabular",
Sample29,pxda2,pxdA.null,Germling,Liv_MM2,MM_20hr,Liv,TBD,20221108,9.3,39851926,53,NA,Paired,100,31,87.4962,"all-salmon-files/Galaxy1409-[Salmon_quant_on_data_35,_data_34,_and_data_429_(Quantification)].tabular",
Sample30,pxda3,pxdA.null,Germling,Liv_MM2,MM_20hr,Liv,TBD,20221109,9.5,41904904,53,NA,Paired,100,31,87.8641,"all-salmon-files/Galaxy1410-[Salmon_quant_on_data_37,_data_36,_and_data_429_(Quantification)].tabular",
Sample31,pxda4,pxdA.null,Germling,Liv_MM2,MM_20hr,Liv,TBD,20221109,9.5,37257156,53,NA,Paired,100,31,87.6149,"all-salmon-files/Galaxy1411-[Salmon_quant_on_data_9,_data_38,_and_data_429_(Quantification)].tabular",
Sample32,pxda5,pxdA.null,Germling,Liv_MM2,MM_20hr,Liv,TBD,20221109,9,28770418,52,NA,Paired,100,31,86.5022,"all-salmon-files/Galaxy1412-[Salmon_quant_on_data_40,_data_39,_and_data_429_(Quantification)].tabular",
Sample33,ribo1,riboB2.comp,Germling,Liv_MM2,MM_20hr,Liv,TBD,20221108,9.1,47199294,53,NA,Paired,100,31,87.9682,"all-salmon-files/Galaxy1413-[Salmon_quant_on_data_42,_data_41,_and_data_429_(Quantification)].tabular",
Sample34,ribo2,riboB2.comp,Germling,Liv_MM2,MM_20hr,Liv,TBD,20221108,9.2,41537106,53,NA,Paired,100,31,88.8423,"all-salmon-files/Galaxy1414-[Salmon_quant_on_data_44,_data_43,_and_data_429_(Quantification)].tabular",
Sample35,ribo3,riboB2.comp,Germling,Liv_MM2,MM_20hr,Liv,TBD,20221109,9.2,38905134,53,NA,Paired,100,31,87.785,"all-salmon-files/Galaxy1415-[Salmon_quant_on_data_46,_data_45,_and_data_429_(Quantification)].tabular",
Sample36,ribo4,riboB2.comp,Germling,Liv_MM2,MM_20hr,Liv,TBD,20221109,9.2,33924652,53,NA,Paired,100,31,88.5858,"all-salmon-files/Galaxy1416-[Salmon_quant_on_data_48,_data_47,_and_data_429_(Quantification)].tabular",
Sample37,ribo5,riboB2.comp,Germling,Liv_MM2,MM_20hr,Liv,TBD,20221109,9.3,43710456,52,NA,Paired,100,31,88.2779,"all-salmon-files/Galaxy1417-[Salmon_quant_on_data_50,_data_49,_and_data_429_(Quantification)].tabular",
Sample38,veza1,vezA.null,Germling,Liv_MM2,MM_20hr,Liv,TBD,20221108,9,35583674,53,NA,Paired,100,31,87.0379,"all-salmon-files/Galaxy1418-[Salmon_quant_on_data_52,_data_51,_and_data_429_(Quantification)].tabular",
Sample39,veza2,vezA.null,Germling,Liv_MM2,MM_20hr,Liv,TBD,20221108,9,30835158,53,NA,Paired,100,31,86.5303,"all-salmon-files/Galaxy1419-[Salmon_quant_on_data_54,_data_53,_and_data_429_(Quantification)].tabular",
Sample40,veza3,vezA.null,Germling,Liv_MM2,MM_20hr,Liv,TBD,20221109,9.3,33723788,53,NA,Paired,100,31,85.4405,"all-salmon-files/Galaxy1420-[Salmon_quant_on_data_56,_data_55,_and_data_429_(Quantification)].tabular",
Sample41,veza4,vezA.null,Germling,Liv_MM2,MM_20hr,Liv,TBD,20221109,9.5,33522026,52,NA,Paired,100,31,86.9061,"all-salmon-files/Galaxy1421-[Salmon_quant_on_data_58,_data_57,_and_data_429_(Quantification)].tabular",
Sample42,veza5,vezA.null,Germling,Liv_MM2,MM_20hr,Liv,TBD,20221109,9.6,28137498,53,NA,Paired,100,31,87.1928,"all-salmon-files/Galaxy1422-[Salmon_quant_on_data_60,_data_59,_and_data_429_(Quantification)].tabular",
Sample43,V1,FGSCA4,Adult,Kavi_YG,YG_20hr,Kavi,TBD,20201015,NA,58130602,53,25.19,Paired,100,31,89.4557,all-salmon-files/V1.tabular,
Sample44,V2,FGSCA4,Adult,Kavi_YG,YG_20hr,Kavi,TBD,20201015,NA,56944706,54,24.55,Paired,100,31,88.0629,all-salmon-files/V2.tabular,
Sample45,V3,FGSCA4,Adult,Kavi_YG,YG_20hr,Kavi,TBD,20201015,NA,53915046,54,25.88,Paired,100,31,90.0615,all-salmon-files/V3.tabular,
Sample46,C1,FGSCA4,Conidia,Kavi_C,YG_24hr_maybe,Kavi,TBD,20201015,NA,39998450,52,29.06,Paired,100,31,73.6791,all-salmon-files/C1.tabular,
Sample47,C2,FGSCA4,Conidia,Kavi_C,YG_24hr_maybe,Kavi,TBD,20201015,NA,39998450,52,29.06,Paired,100,31,74.9824,all-salmon-files/C2.tabular,
Sample48,C3,FGSCA4,Conidia,Kavi_C,YG_24hr_maybe,Kavi,TBD,20201015,NA,36818738,53,29.54,Paired,100,31,75.6866,all-salmon-files/C3.tabular,
Sample49,A4-1,FGSCA4,Adult,Alkahyyat2015,liquid18hr_air12hr,Alkahyyat et al. 2015 PLoS One,SRR2180251,20150825,NA,46532772,NA,NA,Paired,100,31,70.1108,all-salmon-files/SRR2180251.tabular,
Sample50,A4-2,FGSCA4,Adult,Alkahyyat2015,liquid18hr_air12hr,Alkahyyat et al. 2015 PLoS One,SRR2180252,20150825,NA,60930812,NA,NA,Paired,100,31,73.2383,all-salmon-files/SRR2180252.tabular,
Sample51,A4-3,FGSCA4,Adult,Alkahyyat2015,liquid18hr_air12hr,Alkahyyat et al. 2015 PLoS One,SRR2180253,20150825,NA,48999168,NA,NA,Paired,100,31,73.7992,all-salmon-files/SRR2180253.tabular,
Sample52,A26-1,FGSC26 (biA1),Adult,Alkahyyat2015,liquid18hr_air12hr,Alkahyyat et al. 2015 PLoS One,SRR2180254,20150825,NA,47015736,NA,NA,Paired,100,31,68.5394,all-salmon-files/SRR2180254.tabular,
Sample53,A26-2,FGSC26 (biA1),Adult,Alkahyyat2015,liquid18hr_air12hr,Alkahyyat et al. 2015 PLoS One,SRR2180255,20150825,NA,49928470,NA,NA,Paired,100,31,68.4089,all-salmon-files/SRR2180255.tabular,
Sample54,A26-3,FGSC26 (biA1),Adult,Alkahyyat2015,liquid18hr_air12hr,Alkahyyat et al. 2015 PLoS One,SRR2180256,20150825,NA,42566468,NA,NA,Paired,100,31,70.2548,all-salmon-files/SRR2180256.tabular,
Sample55,RNI11 - X11pt3-1,"osaA.null, veA1",Adult,Alkahyyat2015,liquid18hr_air12hr,Alkahyyat et al. 2015 PLoS One,SRR2180257,20150825,NA,54217436,NA,NA,Paired,100,31,71.7612,all-salmon-files/SRR2180257.tabular,
Sample56,RNI11 - X11pt3-2,"osaA.null, veA1",Adult,Alkahyyat2015,liquid18hr_air12hr,Alkahyyat et al. 2015 PLoS One,SRR2180258,20150825,NA,45445212,NA,NA,Paired,100,31,73.1379,all-salmon-files/SRR2180258.tabular,
Sample57,RNI11 - X11pt3-3,"osaA.null, veA1",Adult,Alkahyyat2015,liquid18hr_air12hr,Alkahyyat et al. 2015 PLoS One,SRR2180259,20150825,NA,63857000,NA,NA,Paired,100,31,73.7456,all-salmon-files/SRR2180259.tabular,
Sample58,Wild Type RNAseq repeat 1,FGSC26 (biA1),Adult,Chen2022,MM_16hr_starve_6hr,Chen et al. 2022 mBio,SRR13374422,20210106,NA,9025324,NA,NA,Paired,75,31,82.6149,all-salmon-files/SRR13374422.tabular,82.6925
Sample59,creA deletion mutant RNAseq repeat 3,creA.null,Adult,Chen2022,MM_16hr_starve_6hr,Chen et al. 2022 mBio,SRR13374423,20210106,NA,22111400,NA,NA,Paired,75,31,78.69,all-salmon-files/SRR13374423.tabular,78.7801
Sample60,creA deletion mutant RNAseq repeat 2,creA.null,Adult,Chen2022,MM_16hr_starve_6hr,Chen et al. 2022 mBio,SRR13374424,20210106,NA,25456960,NA,NA,Paired,75,31,83.0693,all-salmon-files/SRR13374424.tabular,83.1582
Sample61,creA deletion mutant RNAseq repeat 1,creA.null,Adult,Chen2022,MM_16hr_starve_6hr,Chen et al. 2022 mBio,SRR13374425,20210106,NA,16228736,NA,NA,Paired,75,31,77.1796,all-salmon-files/SRR13374425.tabular,77.2592
Sample62,Wild Type RNAseq repeat 3,FGSC26 (biA1),Adult,Chen2022,MM_16hr_starve_6hr,Chen et al. 2022 mBio,SRR13374426,20210106,NA,18961508,NA,NA,Paired,75,31,76.4108,all-salmon-files/SRR13374426.tabular,76.4873
Sample63,Wild Type RNAseq repeat 2,FGSC26 (biA1),Adult,Chen2022,MM_16hr_starve_6hr,Chen et al. 2022 mBio,SRR13374427,20210106,NA,7707096,NA,NA,Paired,75,31,81.5841,all-salmon-files/SRR13374427.tabular,81.6711
Sample64,bi_FNH4,FGSC26 (biA1),Adult,Chudzicka-Ormaniec2019,MM_Fructose_ammonium_12hr,Chudzicka-Ormaniec et al. 2019 FEMS Microbiol Letters,SRR7229785,20180529,NA,36877004,NA,NA,Paired,100,31,4.71962,all-salmon-files/SRR7229785.tabular,4.73384
Sample65,bi_FU,FGSC26 (biA1),Adult,Chudzicka-Ormaniec2019,MM_Fructose_urea_12hr,Chudzicka-Ormaniec et al. 2019 FEMS Microbiol Letters,SRR7229786,20180529,NA,47335610,NA,NA,Paired,100,31,4.9421,all-salmon-files/SRR7229786.tabular,4.95742
Sample66,bi_GNH4_,FGSC26 (biA1),Adult,Chudzicka-Ormaniec2019,MM_Glucose_ammonium_12hr,Chudzicka-Ormaniec et al. 2019 FEMS Microbiol Letters,SRR7229787,20180529,NA,42924168,NA,NA,Paired,100,31,27.0232,all-salmon-files/SRR7229787.tabular,27.1175
Sample67,bi_GU,FGSC26 (biA1),Adult,Chudzicka-Ormaniec2019,MM_Glucose_urea_12hr,Chudzicka-Ormaniec et al. 2019 FEMS Microbiol Letters,SRR7229788,20180529,NA,38293330,NA,NA,Paired,100,31,12.733,all-salmon-files/SRR7229788.tabular,12.7677
Sample68,wt5_biol_rep_3,"proA6, adF9, yA2, phenA2",Adult,Gawlik2022,MM_glucose,Gawlik et al. 2022 Int J Mol Sci,SRR19811737,20220623,NA,44890610,NA,NA,Paired,75,31,81.6449,all-salmon-files/SRR19811737.tabular,81.7278
Sample69,wt5_biol_rep_2,"proA6, adF9, yA2, phenA2",Adult,Gawlik2022,MM_glucose,Gawlik et al. 2022 Int J Mol Sci,SRR19811738,20220623,NA,37804390,NA,NA,Paired,75,31,27.8544,all-salmon-files/SRR19811738.tabular,27.8935
Sample70,wt5_biol_rep_1,"proA6, adF9, yA2, phenA2",Adult,Gawlik2022,MM_glucose,Gawlik et al. 2022 Int J Mol Sci,SRR19811739,20220623,NA,45956954,NA,NA,Paired,75,31,83.9437,all-salmon-files/SRR19811739.tabular,84.0236
Sample71,keaA25_biol_repl_3,suD25pro,Adult,Gawlik2022,MM_glucose,Gawlik et al. 2022 Int J Mol Sci,SRR19811740,20220623,NA,48748640,NA,NA,Paired,75,31,82.7148,all-salmon-files/SRR19811740.tabular,82.7992
Sample72,keaA25_biol_repl_2,suD25pro,Adult,Gawlik2022,MM_glucose,Gawlik et al. 2022 Int J Mol Sci,SRR19811741,20220623,NA,44416338,NA,NA,Paired,75,31,76.6277,all-salmon-files/SRR19811741.tabular,76.7276
Sample73,keaA25_biol_repl_1,suD25pro,Adult,Gawlik2022,MM_glucose,Gawlik et al. 2022 Int J Mol Sci,SRR19811742,20220623,NA,41478234,NA,NA,Paired,75,31,83.7417,all-salmon-files/SRR19811742.tabular,
Sample74,wt4_biol_rep_3,"proA6, pabaA9, biA1",Adult,Gawlik2022,MM_glucose,Gawlik et al. 2022 Int J Mol Sci,SRR19811743,20220623,NA,51960152,NA,NA,Paired,75,31,81.59,all-salmon-files/SRR19811743.tabular,81.699
Sample75,wt4_biol_rep_2,"proA6, pabaA9, biA1",Adult,Gawlik2022,MM_glucose,Gawlik et al. 2022 Int J Mol Sci,SRR19811744,20220623,NA,36385486,NA,NA,Paired,75,31,85.277,all-salmon-files/SRR19811744.tabular,85.3588
Sample76,wt4_biol_rep_1,"proA6, pabaA9, biA1",Adult,Gawlik2022,MM_glucose,Gawlik et al. 2022 Int J Mol Sci,SRR19811745,20220623,NA,45699640,NA,NA,Paired,75,31,83.5251,all-salmon-files/SRR19811745.tabular,83.5936
Sample77,keaA19_biol_repl_3,suD19pro,Adult,Gawlik2022,MM_glucose,Gawlik et al. 2022 Int J Mol Sci,SRR19811746,20220623,NA,35150840,NA,NA,Paired,75,31,28.2772,all-salmon-files/SRR19811746.tabular,28.3132
Sample78,keaA19_biol_repl_2,suD19pro,Adult,Gawlik2022,MM_glucose,Gawlik et al. 2022 Int J Mol Sci,SRR19811747,20220623,NA,43383182,NA,NA,Paired,75,31,85.0888,all-salmon-files/SRR19811747.tabular,85.1912
Sample79,keaA19_biol_repl_1,suD19pro,Adult,Gawlik2022,MM_glucose,Gawlik et al. 2022 Int J Mol Sci,SRR19811748,20220623,NA,45792812,NA,NA,Paired,75,31,81.7516,all-salmon-files/SRR19811748.tabular,81.8644
Sample80,Control strain SAA.111 rep1,SAA.111,Adult,Guierriero2017,37C_36hr,Guierriero et al. 2017 Sci Rep,SRR5205834,20170126,NA,7452184,NA,NA,Paired,75,31,63.9351,all-salmon-files/SRR5205834.tabular,63.9599
Sample81,Control strain SAA.111 rep2,SAA.111,Adult,Guierriero2017,37C_36hr,Guierriero et al. 2017 Sci Rep,SRR5205835,20170126,NA,6348084,NA,NA,Paired,75,31,64.8361,all-salmon-files/SRR5205835.tabular,64.877
Sample82,Control strain SAA.111 rep3,SAA.111,Adult,Guierriero2017,37C_36hr,Guierriero et al. 2017 Sci Rep,SRR5205836,20170126,NA,6255192,NA,NA,Paired,75,31,70.9626,all-salmon-files/SRR5205836.tabular,70.9513
Sample83,Strain showing downregulation of celA rep1,celA.null,Adult,Guierriero2017,37C_36hr,Guierriero et al. 2017 Sci Rep,SRR5205837,20170126,NA,6891696,NA,NA,Paired,75,31,82.5638,all-salmon-files/SRR5205837.tabular,82.5321
Sample84,Strain showing downregulation of celA rep2,celA.null,Adult,Guierriero2017,37C_36hr,Guierriero et al. 2017 Sci Rep,SRR5205838,20170126,NA,7685142,NA,NA,Paired,75,31,82.6645,all-salmon-files/SRR5205838.tabular,82.6119
Sample85,Strain showing downregulation of celA rep3,celA.null,Adult,Guierriero2017,37C_36hr,Guierriero et al. 2017 Sci Rep,SRR5205839,20170126,NA,6199192,NA,NA,Paired,75,31,81.5692,all-salmon-files/SRR5205839.tabular,81.5378
Sample86,SAMD00051486    Aspergillus nidulans_WT mRNA library for RNA-Seq with isomaltose induction SampleNo1,BPU7,Adult,Kojima2016,MM_glycerol_24hr_isomaltose_4hr,Kojima et al. 2016 PLoS One,DRR060257,20160714,NA,4898688,NA,NA,Paired,75,31,76.3519,all-salmon-files/DRR060257.tabular,76.4051
Sample87,SAMD00051487    Aspergillus nidulans_WT mRNA library for RNA-Seq with isomaltose induction SampleNo2,BPU7,Adult,Kojima2016,MM_glycerol_24hr_isomaltose_4hr,Kojima et al. 2016 PLoS One,DRR060258,20160714,NA,5799270,NA,NA,Paired,75,31,75.7772,all-salmon-files/DRR060258.tabular,75.8265
Sample88,SAMD00051488    Aspergillus nidulans_WT mRNA library for RNA-Seq with isomaltose induction SampleNo3,BPU7,Adult,Kojima2016,MM_glycerol_24hr_isomaltose_4hr,Kojima et al. 2016 PLoS One,DRR060259,20160714,NA,5565278,NA,NA,Paired,75,31,74.9428,all-salmon-files/DRR060259.tabular,74.9973
Sample89,SAMD00051489    Aspergillus nidulans_WT mRNA library for RNA-Seq without isomaltose induction SampleNo1,BPU7,Adult,Kojima2016,MM_glycerol_24hr,Kojima et al. 2016 PLoS One,DRR060260,20160714,NA,6425634,NA,NA,Paired,75,31,75.3332,all-salmon-files/DRR060260.tabular,75.3833
Sample90,SAMD00051490    Aspergillus nidulans_WT mRNA library for RNA-Seq without isomaltose induction SampleNo2,BPU7,Adult,Kojima2016,MM_glycerol_24hr,Kojima et al. 2016 PLoS One,DRR060261,20160714,NA,5784758,NA,NA,Paired,75,31,76.8096,all-salmon-files/DRR060261.tabular,76.8637
Sample91,SAMD00051491    Aspergillus nidulans_WT mRNA library for RNA-Seq without isomaltose induction SampleNo3,BPU7,Adult,Kojima2016,MM_glycerol_24hr,Kojima et al. 2016 PLoS One,DRR060262,20160714,NA,5405588,NA,NA,Paired,75,31,52.0627,all-salmon-files/DRR060262.tabular,52.0953
Sample92,SAMD00051492    Aspergillus nidulans_amyR deletant mRNA library for RNA-Seq with isomaltose induction SampleNo1,amyR.null,Adult,Kojima2016,MM_glycerol_24hr_isomaltose_4hr,Kojima et al. 2016 PLoS One,DRR060263,20160714,NA,6246030,NA,NA,Paired,75,31,72.5382,all-salmon-files/DRR060263.tabular,72.5842
Sample93,SAMD00051493    Aspergillus nidulans_amyR deletant mRNA library for RNA-Seq with isomaltose induction SampleNo2,amyR.null,Adult,Kojima2016,MM_glycerol_24hr_isomaltose_4hr,Kojima et al. 2016 PLoS One,DRR060264,20160714,NA,5122036,NA,NA,Paired,75,31,71.0637,all-salmon-files/DRR060264.tabular,71.1131
Sample94,SAMD00051494    Aspergillus nidulans_amyR deletant mRNA library for RNA-Seq with isomaltose induction SampleNo3,amyR.null,Adult,Kojima2016,MM_glycerol_24hr_isomaltose_4hr,Kojima et al. 2016 PLoS One,DRR060265,20160714,NA,5136212,NA,NA,Paired,75,31,72.5312,all-salmon-files/DRR060265.tabular,72.5779
Sample95,SAMD00051495    Aspergillus nidulans_amyR deletant mRNA library for RNA-Seq without isomaltose induction SampleNo1,amyR.null,Adult,Kojima2016,MM_glycerol_24hr,Kojima et al. 2016 PLoS One,DRR060266,20160714,NA,4612378,NA,NA,Paired,75,31,73.8782,all-salmon-files/DRR060266.tabular,73.9265
Sample96,SAMD00051496    Aspergillus nidulans_amyR deletant mRNA library for RNA-Seq without isomaltose induction SampleNo2,amyR.null,Adult,Kojima2016,MM_glycerol_24hr,Kojima et al. 2016 PLoS One,DRR060267,20160714,NA,4770896,NA,NA,Paired,75,31,75.9078,all-salmon-files/DRR060267.tabular,75.9602
Sample97,SAMD00051497    Aspergillus nidulans_amyR deletant mRNA library for RNA-Seq without isomaltose induction SampleNo3,amyR.null,Adult,Kojima2016,MM_glycerol_24hr,Kojima et al. 2016 PLoS One,DRR060268,20160714,NA,5490276,NA,NA,Paired,75,31,74.731,all-salmon-files/DRR060268.tabular,74.7829
Sample98,wildtype rep 1,CLK43,Conidia,Mendoza-Martinez2017,72hr,Mendoza-Martinez et al. 2017 Front Microbiol,SRR5241853,20170209,NA,27839530,NA,NA,Paired,75,31,87.4341,all-salmon-files/SRR5241853.tabular,87.5051
Sample99,wildtype rep 2,CLK43,Conidia,Mendoza-Martinez2017,72hr,Mendoza-Martinez et al. 2017 Front Microbiol,SRR5241854,20170209,NA,16164402,NA,NA,Paired,75,31,85.3406,all-salmon-files/SRR5241854.tabular,85.41
Sample100,CFL7 mutant rep 1,napA.null,Conidia,Mendoza-Martinez2017,72hr,Mendoza-Martinez et al. 2017 Front Microbiol,SRR5241855,20170209,NA,16167692,NA,NA,Paired,75,31,88.7115,all-salmon-files/SRR5241855.tabular,88.7815
Sample101,CFL7 mutant rep 2,napA.null,Conidia,Mendoza-Martinez2017,72hr,Mendoza-Martinez et al. 2017 Front Microbiol,SRR5241856,20170209,NA,37369584,NA,NA,Paired,75,31,88.2195,all-salmon-files/SRR5241856.tabular,88.2952
Sample102,"laeA deletion RJW41.A, 24 hr rep 3",laeA.null,Adult,Moon2023,24 hr,Moon et al. 2023 Micro Spectrum,SRR22263698,20221111,NA,49931174,NA,NA,Paired,150,31,78.6877,all-salmon-files/SRR22263698.tabular,
Sample103,"laeA deletion RJW41.A, 24 hr rep 2",laeA.null,Adult,Moon2023,24 hr,Moon et al. 2023 Micro Spectrum,SRR22263699,20221111,NA,56330184,NA,NA,Paired,150,31,78.0574,all-salmon-files/SRR22263699.tabular,
Sample104,"laeA deletion RJW41.A, 24 hr rep 1",laeA.null,Adult,Moon2023,24 hr,Moon et al. 2023 Micro Spectrum,SRR22263700,20221111,NA,43345732,NA,NA,Paired,150,31,78.7644,all-salmon-files/SRR22263700.tabular,
Sample105,"veA deletion RJW112.2, 24 hr rep 3",veA.null,Adult,Moon2023,24 hr,Moon et al. 2023 Micro Spectrum,SRR22263701,20221111,NA,49396038,NA,NA,Paired,150,31,80.0843,all-salmon-files/SRR22263701.tabular,
Sample106,"veA deletion RJW112.2, 24 hr rep 2",veA.null,Adult,Moon2023,24 hr,Moon et al. 2023 Micro Spectrum,SRR22263702,20221111,NA,51082606,NA,NA,Paired,150,31,79.2732,all-salmon-files/SRR22263702.tabular,
Sample107,"veA deletion RJW112.2, 24 hr rep 1",veA.null,Adult,Moon2023,24 hr,Moon et al. 2023 Micro Spectrum,SRR22263703,20221111,NA,85565322,NA,NA,Paired,150,31,80.7942,all-salmon-files/SRR22263703.tabular,
Sample108,"wild-type, 24 hr rep 3",RDIT9.32,Adult,Moon2023,24 hr,Moon et al. 2023 Micro Spectrum,SRR22263704,20221111,NA,50922352,NA,NA,Paired,150,31,76.1046,all-salmon-files/SRR22263704.tabular,
Sample109,"wild-type, 24 hr rep 2",RDIT9.32,Adult,Moon2023,24 hr,Moon et al. 2023 Micro Spectrum,SRR22263705,20221111,NA,87348320,NA,NA,Paired,150,31,77.9634,all-salmon-files/SRR22263705.tabular,
Sample110,"wild-type, 24 hr rep 1",RDIT9.32,Adult,Moon2023,24 hr,Moon et al. 2023 Micro Spectrum,SRR22263706,20221111,NA,34236228,NA,NA,Paired,150,31,75.2123,all-salmon-files/SRR22263706.tabular,
Sample111,Strain LO1362 wt rep1,LO1362,Adult,Oakley2017,MM_24hr,Oakley et al. 2017 Mol Microbiol,SRR4048918,20160823,NA,2842282,NA,NA,Paired,75,31,76.1988,all-salmon-files/SRR4048918.tabular,76.2596
Sample112,Strain LO1362 wt rep1,LO1362,Adult,Oakley2017,MM_24hr,Oakley et al. 2017 Mol Microbiol,SRR4048919,20160823,NA,8704596,NA,NA,Paired,75,31,87.6237,all-salmon-files/SRR4048919.tabular,87.6935
Sample113,Strain LO1362 wt rep2,LO1362,Adult,Oakley2017,MM_24hr,Oakley et al. 2017 Mol Microbiol,SRR4048920,20160823,NA,4573522,NA,NA,Paired,75,31,73.7423,all-salmon-files/SRR4048920.tabular,73.7995
Sample114,Strain LO1362 wt rep2,LO1362,Adult,Oakley2017,MM_24hr,Oakley et al. 2017 Mol Microbiol,SRR4048921,20160823,NA,11218622,NA,NA,Paired,100,31,86.3936,all-salmon-files/SRR4048921.tabular,86.5002
Sample115,Strain LO1362 wt rep3,LO1362,Adult,Oakley2017,MM_24hr,Oakley et al. 2017 Mol Microbiol,SRR4048922,20160823,NA,11291462,NA,NA,Paired,75,31,86.5967,all-salmon-files/SRR4048922.tabular,86.6543
Sample116,Strain LO8158 mut rep1,mcrA.null,Adult,Oakley2017,MM_24hr,Oakley et al. 2017 Mol Microbiol,SRR4048923,20160823,NA,3103238,NA,NA,Paired,75,31,29.4904,all-salmon-files/SRR4048923.tabular,29.5129
Sample117,Strain LO8158 mut rep1,mcrA.null,Adult,Oakley2017,MM_24hr,Oakley et al. 2017 Mol Microbiol,SRR4048924,20160823,NA,8599768,NA,NA,Paired,75,31,34.8501,all-salmon-files/SRR4048924.tabular,34.8785
Sample118,Strain LO8158 mut rep1,mcrA.null,Adult,Oakley2017,MM_24hr,Oakley et al. 2017 Mol Microbiol,SRR4048925,20160823,NA,11347908,NA,NA,Paired,100,31,34.8685,all-salmon-files/SRR4048925.tabular,34.9099
Sample119,Strain LO8158 mut rep2,mcrA.null,Adult,Oakley2017,MM_24hr,Oakley et al. 2017 Mol Microbiol,SRR4048926,20160823,NA,8426446,NA,NA,Paired,75,31,83.2501,all-salmon-files/SRR4048926.tabular,83.3113
Sample120,Strain LO8158 mut rep2,mcrA.null,Adult,Oakley2017,MM_24hr,Oakley et al. 2017 Mol Microbiol,SRR4048927,20160823,NA,4443588,NA,NA,Paired,75,31,70.2681,all-salmon-files/SRR4048927.tabular,70.3154
Sample121,Strain LO8158 mut rep3,mcrA.null,Adult,Oakley2017,MM_24hr,Oakley et al. 2017 Mol Microbiol,SRR4048928,20160823,NA,10583520,NA,NA,Paired,75,31,85.5863,all-salmon-files/SRR4048928.tabular,85.6524
Sample122,TN02A7 wild type parent control,TN02A7,Conidia,Wang2017,MM_18hr_control,Wang et al. 2017 Biomed Res Int,SRR5740797,20170622,NA,66641544,NA,NA,Paired,150,31,81.7334,all-salmon-files/SRR5740797.tabular,
Sample123,WSA08 cnaB null control,cnaB.null,Conidia,Wang2017,MM_18hr_control,Wang et al. 2017 Biomed Res Int,SRR5740798,20170622,NA,71178600,NA,NA,Paired,150,31,74.9097,all-salmon-files/SRR5740798.tabular,
Sample124,LXA05 double null control,"cnaB.null, cchA.null",Conidia,Wang2017,MM_18hr_control,Wang et al. 2017 Biomed Res Int,SRR5740799,20170622,NA,81468500,NA,NA,Paired,150,31,78.3465,all-salmon-files/SRR5740799.tabular,
Sample125,TN02A7 wild type parent salt,TN02A7,Conidia,Wang2017,MM_18hr_NaCl_30min,Wang et al. 2017 Biomed Res Int,SRR5740800,20170622,NA,75243976,NA,NA,Paired,150,31,83.5993,all-salmon-files/SRR5740800.tabular,
Sample126,WSA08 cnaB null salt,cnaB.null,Conidia,Wang2017,MM_18hr_NaCl_30min,Wang et al. 2017 Biomed Res Int,SRR5740801,20170622,NA,71327112,NA,NA,Paired,150,31,76.1726,all-salmon-files/SRR5740801.tabular,
Sample127,LXA05 double null salt,"cnaB.null, cchA.null",Conidia,Wang2017,MM_18hr_NaCl_30min,Wang et al. 2017 Biomed Res Int,SRR5740802,20170622,NA,70386666,NA,NA,Paired,150,31,80.9222,all-salmon-files/SRR5740802.tabular,
Sample128,RNA_seq_3d_spore_repeat1,CWF500,Conidia,Wang2021,MM_72hr,Wang et al. 2021 Nature Microbiology,SRR11122663,20200220,NA,33849852,NA,NA,Paired,60,31,82.1379,all-salmon-files/SRR11122663.tabular,82.2196
Sample129,RNA_seq_3d_spore_repeat2,CWF500,Conidia,Wang2021,MM_72hr,Wang et al. 2021 Nature Microbiology,SRR11122664,20200220,NA,24696248,NA,NA,Paired,60,31,81.9105,all-salmon-files/SRR11122664.tabular,81.9739
Sample130,RNA_seq_hyphae_repeat1,CWF500,Adult,Wang2021,MM_72hr,Wang et al. 2021 Nature Microbiology,SRR11122665,20200220,NA,28295002,NA,NA,Paired,60,31,83.2264,all-salmon-files/SRR11122665.tabular,83.4281
Sample131,RNA_seq_hyphae_repeat2,CWF500,Adult,Wang2021,MM_72hr,Wang et al. 2021 Nature Microbiology,SRR11122666,20200220,NA,29598312,NA,NA,Paired,60,31,85.294,all-salmon-files/SRR11122666.tabular,85.4824
Sample132,RNA_seq_separated_17d_spore_repeat2,CWF500,Conidia,Wang2021,MM_408hr,Wang et al. 2021 Nature Microbiology,SRR13449431,20210116,NA,51569100,NA,NA,Paired,60,31,80.8296,all-salmon-files/SRR13449431.tabular,80.8852
Sample133,RNA_seq_separated_17d_spore_repeat1,CWF500,Conidia,Wang2021,MM_408hr,Wang et al. 2021 Nature Microbiology,SRR13449432,20210116,NA,57431404,NA,NA,Paired,60,31,85.4638,all-salmon-files/SRR13449432.tabular,85.5279
Sample134,TMY3 rep3,wetA.null,Conidia,Wu2018,MM_48hr,Wu et al. 2018 mBio,SRR7132515,20180508,NA,45265964,NA,NA,Paired,100,31,62.3143,all-salmon-files/SRR7132515.tabular,
Sample135,TMY3 rep4,wetA.null,Conidia,Wu2018,MM_48hr,Wu et al. 2018 mBio,SRR7132516,20180508,NA,36293226,NA,NA,Paired,100,31,67.638,all-salmon-files/SRR7132516.tabular,
Sample136,TMY3 rep1,wetA.null,Conidia,Wu2018,MM_48hr,Wu et al. 2018 mBio,SRR7132517,20180508,NA,38048840,NA,NA,Paired,100,31,63.9422,all-salmon-files/SRR7132517.tabular,
Sample137,TMY3 rep2,wetA.null,Conidia,Wu2018,MM_48hr,Wu et al. 2018 mBio,SRR7132518,20180508,NA,36933850,NA,NA,Paired,100,31,70.1562,all-salmon-files/SRR7132518.tabular,
Sample138,wildtype rep1,FGSCA4,Conidia,Wu2018,MM_48hr,Wu et al. 2018 mBio,SRR7132519,20180508,NA,49829300,NA,NA,Paired,100,31,76.9076,all-salmon-files/SRR7132519.tabular,
Sample139,wildtype rep2,FGSCA4,Conidia,Wu2018,MM_48hr,Wu et al. 2018 mBio,SRR7132520,20180508,NA,50705812,NA,NA,Paired,100,31,79.4601,all-salmon-files/SRR7132520.tabular,
Sample140,wildtype rep4,FGSCA4,Conidia,Wu2018,MM_48hr,Wu et al. 2018 mBio,SRR7132521,20180508,NA,55570480,NA,NA,Paired,100,31,78.4708,all-salmon-files/SRR7132521.tabular,
Sample141,wildtype rep3,FGSCA4,Conidia,Wu2018,MM_48hr,Wu et al. 2018 mBio,SRR7132522,20180508,NA,56248084,NA,NA,Paired,100,31,77.7865,all-salmon-files/SRR7132522.tabular,
Sample142,1542_2h1 thermophilic mannanase,1542_thermo_mannanase_hetexpr,Adult,Zubieta2018,2hr,Zubieta et al. 2018 Microbial Biotechnology,SRR5832277,20170717,NA,45748166,NA,NA,Paired,100,31,83.5746,all-salmon-files/SRR5832277.tabular,
Sample143,1542_2h2 thermophilic mannanase,1542_thermo_mannanase_hetexpr,Adult,Zubieta2018,2hr,Zubieta et al. 2018 Microbial Biotechnology,SRR5832278,20170717,NA,36436036,NA,NA,Paired,100,31,78.4828,all-salmon-files/SRR5832278.tabular,
Sample144,1542_2h3 thermophilic mannanase,1542_thermo_mannanase_hetexpr,Adult,Zubieta2018,2hr,Zubieta et al. 2018 Microbial Biotechnology,SRR5832279,20170717,NA,40228438,NA,NA,Paired,100,31,72.2615,all-salmon-files/SRR5832279.tabular,
Sample145,1542_8h1 thermophilic mannanase,1542_thermo_mannanase_hetexpr,Adult,Zubieta2018,8hr,Zubieta et al. 2018 Microbial Biotechnology,SRR5832280,20170717,NA,55365832,NA,NA,Paired,100,31,86.2149,all-salmon-files/SRR5832280.tabular,
Sample146,1542_8h2 thermophilic mannanase,1542_thermo_mannanase_hetexpr,Adult,Zubieta2018,8hr,Zubieta et al. 2018 Microbial Biotechnology,SRR5832281,20170717,NA,41896558,NA,NA,Paired,100,31,77.4703,all-salmon-files/SRR5832281.tabular,
Sample147,1542_8h3 thermophilic mannanase,1542_thermo_mannanase_hetexpr,Adult,Zubieta2018,8hr,Zubieta et al. 2018 Microbial Biotechnology,SRR5832282,20170717,NA,41049050,NA,NA,Paired,100,31,84.0081,all-salmon-files/SRR5832282.tabular,
Sample148, A773_2h1,A773,Adult,Zubieta2018,2hr,Zubieta et al. 2018 Microbial Biotechnology,SRR5832283,20170717,NA,38883242,NA,NA,Paired,100,31,85.2388,all-salmon-files/SRR5832283.tabular,
Sample149, A773_2h2,A773,Adult,Zubieta2018,2hr,Zubieta et al. 2018 Microbial Biotechnology,SRR5832284,20170717,NA,41615912,NA,NA,Paired,100,31,85.6027,all-salmon-files/SRR5832284.tabular,
Sample150, A773_2h3,A773,Adult,Zubieta2018,2hr,Zubieta et al. 2018 Microbial Biotechnology,SRR5832285,20170717,NA,54076586,NA,NA,Paired,100,31,76.9115,all-salmon-files/SRR5832285.tabular,
Sample151, A773_8h1,A773,Adult,Zubieta2018,8hr,Zubieta et al. 2018 Microbial Biotechnology,SRR5832286,20170717,NA,50548878,NA,NA,Paired,100,31,85.1196,all-salmon-files/SRR5832286.tabular,
Sample152, A773_8h2,A773,Adult,Zubieta2018,8hr,Zubieta et al. 2018 Microbial Biotechnology,SRR5832287,20170717,NA,66852842,NA,NA,Paired,100,31,84.2703,all-salmon-files/SRR5832287.tabular,
Sample153, A773_8h3,A773,Adult,Zubieta2018,8hr,Zubieta et al. 2018 Microbial Biotechnology,SRR5832288,20170717,NA,45543116,NA,NA,Paired,100,31,86.417,all-salmon-files/SRR5832288.tabular,
Sample154,AbfA_2h1,AbfA.hetexpr,Adult,Zubieta2018,2hr,Zubieta et al. 2018 Microbial Biotechnology,SRR5832289,20170717,NA,88554290,NA,NA,Paired,100,31,82.7739,all-salmon-files/SRR5832289.tabular,
Sample155,AbfA_2h2,AbfA.hetexpr,Adult,Zubieta2018,2hr,Zubieta et al. 2018 Microbial Biotechnology,SRR5832290,20170717,NA,39062268,NA,NA,Paired,100,31,83.8205,all-salmon-files/SRR5832290.tabular,
Sample156,AbfA_2h3,AbfA.hetexpr,Adult,Zubieta2018,2hr,Zubieta et al. 2018 Microbial Biotechnology,SRR5832291,20170717,NA,51597294,NA,NA,Paired,100,31,76.7822,all-salmon-files/SRR5832291.tabular,
Sample157,AbfA_8h1,AbfA.hetexpr,Adult,Zubieta2018,8hr,Zubieta et al. 2018 Microbial Biotechnology,SRR5832292,20170717,NA,41162490,NA,NA,Paired,100,31,83.7338,all-salmon-files/SRR5832292.tabular,
Sample158,AbfA_8h2,AbfA.hetexpr,Adult,Zubieta2018,8hr,Zubieta et al. 2018 Microbial Biotechnology,SRR5832293,20170717,NA,40557946,NA,NA,Paired,100,31,41.2078,all-salmon-files/SRR5832293.tabular,
Sample159,AbfA_8h3,AbfA.hetexpr,Adult,Zubieta2018,8hr,Zubieta et al. 2018 Microbial Biotechnology,SRR5832294,20170717,NA,35980070,NA,NA,Paired,100,31,82.8669,all-salmon-files/SRR5832294.tabular,
Sample160,BglC_2h1,BglC.hetexpr,Adult,Zubieta2018,2hr,Zubieta et al. 2018 Microbial Biotechnology,SRR5832295,20170717,NA,48671666,NA,NA,Paired,100,31,85.2183,all-salmon-files/SRR5832295.tabular,
Sample161,BglC_2h2,BglC.hetexpr,Adult,Zubieta2018,2hr,Zubieta et al. 2018 Microbial Biotechnology,SRR5832296,20170717,NA,49619486,NA,NA,Paired,100,31,84.1852,all-salmon-files/SRR5832296.tabular,
Sample162,BglC_2h3,BglC.hetexpr,Adult,Zubieta2018,2hr,Zubieta et al. 2018 Microbial Biotechnology,SRR5832297,20170717,NA,45264684,NA,NA,Paired,100,31,84.0058,all-salmon-files/SRR5832297.tabular,
Sample163,BglC_8h1,BglC.hetexpr,Adult,Zubieta2018,8hr,Zubieta et al. 2018 Microbial Biotechnology,SRR5832298,20170717,NA,50807340,NA,NA,Paired,100,31,84.3638,all-salmon-files/SRR5832298.tabular,
Sample164,BglC_8h2,BglC.hetexpr,Adult,Zubieta2018,8hr,Zubieta et al. 2018 Microbial Biotechnology,SRR5832299,20170717,NA,54867392,NA,NA,Paired,100,31,81.9209,all-salmon-files/SRR5832299.tabular,
Sample165,BglC_8h3,BglC.hetexpr,Adult,Zubieta2018,8hr,Zubieta et al. 2018 Microbial Biotechnology,SRR5832300,20170717,NA,46652512,NA,NA,Paired,100,31,83.3815,all-salmon-files/SRR5832300.tabular,
Sample166,8H1DTT,A773,Adult,Zubieta2020,MM_48hr_20mM_DTT_8hr,Zubieta et al. 2020 Microbial Biotechnology,SRR10224412,20191003,NA,32591822,NA,NA,Paired,100,31,81.4521,all-salmon-files/SRR10224412.tabular,81.5266
Sample167,2H1DTT,A773,Adult,Zubieta2020,MM_48hr_20mM_DTT_2hr,Zubieta et al. 2020 Microbial Biotechnology,SRR10224413,20191003,NA,26577154,NA,NA,Paired,100,31,82.1042,all-salmon-files/SRR10224413.tabular,82.1522
Sample168,2H1C,A773,Adult,Zubieta2020,MM_48hr_control_2hr,Zubieta et al. 2020 Microbial Biotechnology,SRR10224414,20191003,NA,23054362,NA,NA,Paired,100,31,78.9554,all-salmon-files/SRR10224414.tabular,79.023
Sample169,8H1C,A773,Adult,Zubieta2020,MM_48hr_control_8hr,Zubieta et al. 2020 Microbial Biotechnology,SRR10224415,20191003,NA,40208870,NA,NA,Paired,100,31,85.3819,all-salmon-files/SRR10224415.tabular,85.4805
Sample170,2H3TM,A773,Adult,Zubieta2020,MM_48hr_10ug_ml_tunicamycin_2hr,Zubieta et al. 2020 Microbial Biotechnology,SRR10224416,20191003,NA,35846928,NA,NA,Paired,100,31,87.1022,all-salmon-files/SRR10224416.tabular,87.1811
Sample171,2H3DTT,A773,Adult,Zubieta2020,MM_48hr_20mM_DTT_2hr,Zubieta et al. 2020 Microbial Biotechnology,SRR10224417,20191003,NA,39824790,NA,NA,Paired,100,31,81.337,all-salmon-files/SRR10224417.tabular,81.3861
Sample172,2H3C,A773,Adult,Zubieta2020,MM_48hr_control_2hr,Zubieta et al. 2020 Microbial Biotechnology,SRR10224418,20191003,NA,35308034,NA,NA,Paired,100,31,86.3087,all-salmon-files/SRR10224418.tabular,86.3743
Sample173,2H2TM,A773,Adult,Zubieta2020,MM_48hr_10ug_ml_tunicamycin_2hr,Zubieta et al. 2020 Microbial Biotechnology,SRR10224419,20191003,NA,24499424,NA,NA,Paired,100,31,86.3249,all-salmon-files/SRR10224419.tabular,86.4062
Sample174,2H2DTT,A773,Adult,Zubieta2020,MM_48hr_20mM_DTT_2hr,Zubieta et al. 2020 Microbial Biotechnology,SRR10224420,20191003,NA,31767924,NA,NA,Paired,100,31,83.5204,all-salmon-files/SRR10224420.tabular,83.5757
Sample175,2H2C,A773,Adult,Zubieta2020,MM_48hr_control_2hr,Zubieta et al. 2020 Microbial Biotechnology,SRR10224421,20191003,NA,35017538,NA,NA,Paired,100,31,88.6568,all-salmon-files/SRR10224421.tabular,88.7263
Sample176,2H1TM,A773,Adult,Zubieta2020,MM_48hr_10ug_ml_tunicamycin_2hr,Zubieta et al. 2020 Microbial Biotechnology,SRR10224422,20191003,NA,34058894,NA,NA,Paired,100,31,87.4617,all-salmon-files/SRR10224422.tabular,87.5413
Sample177,8H3TM,A773,Adult,Zubieta2020,MM_48hr_10ug_ml_tunicamycin_8hr,Zubieta et al. 2020 Microbial Biotechnology,SRR10224423,20191003,NA,38279816,NA,NA,Paired,100,31,84.0757,all-salmon-files/SRR10224423.tabular,84.1392
Sample178,8H3DTT,A773,Adult,Zubieta2020,MM_48hr_20mM_DTT_8hr,Zubieta et al. 2020 Microbial Biotechnology,SRR10224424,20191003,NA,41463668,NA,NA,Paired,100,31,82.5393,all-salmon-files/SRR10224424.tabular,82.6135
Sample179,8H3C,A773,Adult,Zubieta2020,MM_48hr_control_8hr,Zubieta et al. 2020 Microbial Biotechnology,SRR10224425,20191003,NA,26172034,NA,NA,Paired,100,31,85.6471,all-salmon-files/SRR10224425.tabular,85.7371
Sample180,8H2TM,A773,Adult,Zubieta2020,MM_48hr_10ug_ml_tunicamycin_8hr,Zubieta et al. 2020 Microbial Biotechnology,SRR10224426,20191003,NA,24964668,NA,NA,Paired,100,31,82.5547,all-salmon-files/SRR10224426.tabular,82.6204
Sample181,8H2DTT,A773,Adult,Zubieta2020,MM_48hr_20mM_DTT_8hr,Zubieta et al. 2020 Microbial Biotechnology,SRR10224427,20191003,NA,23966326,NA,NA,Paired,100,31,72.5693,all-salmon-files/SRR10224427.tabular,72.6344
Sample182,8H2C,A773,Adult,Zubieta2020,MM_48hr_control_8hr,Zubieta et al. 2020 Microbial Biotechnology,SRR10224428,20191003,NA,38196876,NA,NA,Paired,100,31,87.2178,all-salmon-files/SRR10224428.tabular,87.3137
Sample183,8H1TM,A773,Adult,Zubieta2020,MM_48hr_10ug_ml_tunicamycin_8hr,Zubieta et al. 2020 Microbial Biotechnology,SRR10224429,20191003,NA,36992448,NA,NA,Paired,100,31,84.1521,all-salmon-files/SRR10224429.tabular,84.2245
Sample184,FGSC A1405_rep1,FGSCA1405,Adult,Chelius2019,MM_20hr,Chelius et al. 2019 Fungal Genetics and Bio,SRR6395510,20171220,NA,20667017,NA,NA,Single,100,31,87.4098,all-salmon-files/SRR6395510.tabular,
Sample185,FGSC A1405_rep2,FGSCA1405,Adult,Chelius2019,MM_20hr,Chelius et al. 2019 Fungal Genetics and Bio,SRR6395511,20171220,NA,20568455,NA,NA,Single,100,31,87.4328,all-salmon-files/SRR6395511.tabular,
Sample186,FGSC A1405_rep3,FGSCA1405,Adult,Chelius2019,MM_20hr,Chelius et al. 2019 Fungal Genetics and Bio,SRR6395512,20171220,NA,19845732,NA,NA,Single,100,31,86.2107,all-salmon-files/SRR6395512.tabular,
Sample187,FGSC A1405_rep4,FGSCA1405,Adult,Chelius2019,MM_20hr,Chelius et al. 2019 Fungal Genetics and Bio,SRR6395513,20171220,NA,19742148,NA,NA,Single,100,31,86.2229,all-salmon-files/SRR6395513.tabular,
Sample188,FGSC A1404 rep1,mpkA.null,Adult,Chelius2019,MM_20hr,Chelius et al. 2019 Fungal Genetics and Bio,SRR6395514,20171220,NA,19413398,NA,NA,Single,100,31,84.4472,all-salmon-files/SRR6395514.tabular,
Sample189,FGSC A1404 rep2,mpkA.null,Adult,Chelius2019,MM_20hr,Chelius et al. 2019 Fungal Genetics and Bio,SRR6395515,20171220,NA,19303806,NA,NA,Single,100,31,84.4692,all-salmon-files/SRR6395515.tabular,
Sample190,FGSC A1404 rep3,mpkA.null,Adult,Chelius2019,MM_20hr,Chelius et al. 2019 Fungal Genetics and Bio,SRR6395516,20171220,NA,19639883,NA,NA,Single,100,31,83.5689,all-salmon-files/SRR6395516.tabular,
Sample191,FGSC A1404 rep4,mpkA.null,Adult,Chelius2019,MM_20hr,Chelius et al. 2019 Fungal Genetics and Bio,SRR6395517,20171220,NA,19527018,NA,NA,Single,100,31,83.5549,all-salmon-files/SRR6395517.tabular,
Sample192,VadH-S,vadH.null,Cleistothecia,Li2022,SM_36hr,Li et al. 2022 Cells,SRR22423852,20221127,NA,43287674,NA,NA,Single,150,31,88.5515,all-salmon-files/SRR22423852.tabular,88.8262
Sample193,VadH-A,vadH.null,Conidia,Li2022,MM_18hr,Li et al. 2022 Cells,SRR22423853,20221127,NA,43105868,NA,NA,Single,150,31,87.8673,all-salmon-files/SRR22423853.tabular,88.1443
Sample194,VadH-V,vadH.null,Adult,Li2022,MM_18hr,Li et al. 2022 Cells,SRR22423854,20221127,NA,43215210,NA,NA,Single,150,31,88.8166,all-salmon-files/SRR22423854.tabular,89.0631
Sample195,WT-S,FGSCA4,Cleistothecia,Li2022,SM_36hr,Li et al. 2022 Cells,SRR22423855,20221127,NA,43092784,NA,NA,Single,150,31,87.8124,all-salmon-files/SRR22423855.tabular,88.1576
Sample196,WT-A,FGSCA4,Conidia,Li2022,MM_18hr,Li et al. 2022 Cells,SRR22423856,20221127,NA,43307698,NA,NA,Single,150,31,87.9758,all-salmon-files/SRR22423856.tabular,
Sample197,WT-V,FGSCA4,Adult,Li2022,MM_18hr,Li et al. 2022 Cells,SRR22423857,20221127,NA,43289932,NA,NA,Single,150,31,89.4142,all-salmon-files/SRR22423857.tabular,
Sample198,Aspnid_WT_rep1,TRV50.2,Adult,Lind2015,Czapek-Dox_72hr_dark,Lind et al. 2015 PLOS Genetics,SRR1816785,20150224,NA,27341268,NA,NA,Single,50,31,71.8465,all-salmon-files/SRR1816785.tabular,71.8587
Sample199,Aspnid_WT_rep2,TRV50.2,Adult,Lind2015,Czapek-Dox_72hr_dark,Lind et al. 2015 PLOS Genetics,SRR1816786,20150224,NA,22199988,NA,NA,Single,50,31,72.5596,all-salmon-files/SRR1816786.tabular,
Sample200,Aspnid_WT_rep3,TRV50.2,Adult,Lind2015,Czapek-Dox_72hr_dark,Lind et al. 2015 PLOS Genetics,SRR1816787,20150224,NA,28085453,NA,NA,Single,50,31,81.3864,all-salmon-files/SRR1816787.tabular,81.406
Sample201,Aspnid_WT_rep4,TRV50.2,Adult,Lind2015,Czapek-Dox_72hr_dark,Lind et al. 2015 PLOS Genetics,SRR1816788,20150224,NA,28390297,NA,NA,Single,50,31,79.3725,all-salmon-files/SRR1816788.tabular,
Sample202,Aspnid_delveA_rep1,veA.null,Adult,Lind2015,Czapek-Dox_72hr_dark,Lind et al. 2015 PLOS Genetics,SRR1816789,20150224,NA,24689968,NA,NA,Single,50,31,80.7395,all-salmon-files/SRR1816789.tabular,80.7562
Sample203,Aspnid_delveA_rep2,veA.null,Adult,Lind2015,Czapek-Dox_72hr_dark,Lind et al. 2015 PLOS Genetics,SRR1816790,20150224,NA,21322312,NA,NA,Single,50,31,78.9205,all-salmon-files/SRR1816790.tabular,78.95
Sample204,Aspnid_delmtfA_rep1,mtfA.null,Adult,Lind2015,Czapek-Dox_72hr_dark,Lind et al. 2015 PLOS Genetics,SRR1816791,20150224,NA,31279922,NA,NA,Single,50,31,79.9464,all-salmon-files/SRR1816791.tabular,79.9654
Sample205,Aspnid_delmtfA_rep2,mtfA.null,Adult,Lind2015,Czapek-Dox_72hr_dark,Lind et al. 2015 PLOS Genetics,SRR1816792,20150224,NA,26515118,NA,NA,Single,50,31,83.7747,all-salmon-files/SRR1816792.tabular,83.7936
Sample206,hyphae_0 hrs rep 1,FGSC A4,Adult,Loss2019,MM_18hr_control,Loss et al. 2019 mBio,SRR7500514,20180709,NA,22844201,NA,NA,Single,100,31,84.7608,all-salmon-files/SRR7500514.tabular,
Sample207,hyphae_0 hrs rep 2,FGSC A4,Adult,Loss2019,MM_18hr_control,Loss et al. 2019 mBio,SRR7500515,20180709,NA,22597553,NA,NA,Single,100,31,85.5012,all-salmon-files/SRR7500515.tabular,
Sample208,hyphae_0 hrs rep 3,FGSC A4,Adult,Loss2019,MM_18hr_control,Loss et al. 2019 mBio,SRR7500516,20180709,NA,25105950,NA,NA,Single,100,31,83.7365,all-salmon-files/SRR7500516.tabular,
Sample209,6 hrs_benzo(a)pyrene rep 1,FGSC A4,Adult,Loss2019,MM_18hr_6hr_BaP,Loss et al. 2019 mBio,SRR7500517,20180709,NA,20123659,NA,NA,Single,100,31,85.4683,all-salmon-files/SRR7500517.tabular,
Sample210,6 hrs_benzo(a)pyrene rep 2,FGSC A4,Adult,Loss2019,MM_18hr_6hr_BaP,Loss et al. 2019 mBio,SRR7500518,20180709,NA,20500082,NA,NA,Single,100,31,84.5995,all-salmon-files/SRR7500518.tabular,
Sample211,6 hrs_benzo(a)pyrene rep 3,FGSC A4,Adult,Loss2019,MM_18hr_6hr_BaP,Loss et al. 2019 mBio,SRR7500519,20180709,NA,23261351,NA,NA,Single,100,31,83.9137,all-salmon-files/SRR7500519.tabular,
Sample212,hyphae_6 hrs_DMSO rep 1,FGSC A4,Adult,Loss2019,MM_18hr_6hr_DMSO,Loss et al. 2019 mBio,SRR7500520,20180709,NA,25295193,NA,NA,Single,100,31,85.7878,all-salmon-files/SRR7500520.tabular,
Sample213,hyphae_6 hrs_DMSO rep 2,FGSC A4,Adult,Loss2019,MM_18hr_6hr_DMSO,Loss et al. 2019 mBio,SRR7500521,20180709,NA,22610062,NA,NA,Single,100,31,83.8281,all-salmon-files/SRR7500521.tabular,
Sample214,hyphae_6 hrs_DMSO rep 3,FGSC A4,Adult,Loss2019,MM_18hr_6hr_DMSO,Loss et al. 2019 mBio,SRR7500522,20180709,NA,23661105,NA,NA,Single,100,31,84.2236,all-salmon-files/SRR7500522.tabular,
Sample215,hyphae_24 hrs_benzo(a)pyrene rep 1,FGSC A4,Adult,Loss2019,MM_18hr_24hr_BaP,Loss et al. 2019 mBio,SRR7500523,20180709,NA,24954261,NA,NA,Single,100,31,81.204,all-salmon-files/SRR7500523.tabular,
Sample216,hyphae_24 hrs_benzo(a)pyrene rep 2,FGSC A4,Adult,Loss2019,MM_18hr_24hr_BaP,Loss et al. 2019 mBio,SRR7500524,20180709,NA,24773143,NA,NA,Single,100,31,77.0955,all-salmon-files/SRR7500524.tabular,
Sample217,hyphae_24 hrs_benzo(a)pyrene rep 3,FGSC A4,Adult,Loss2019,MM_18hr_24hr_BaP,Loss et al. 2019 mBio,SRR7500525,20180709,NA,20459074,NA,NA,Single,100,31,79.8019,all-salmon-files/SRR7500525.tabular,
Sample218,24 hrs_DMSO rep 1,FGSC A4,Adult,Loss2019,MM_18hr_24hr_DMSO,Loss et al. 2019 mBio,SRR7500526,20180709,NA,22133119,NA,NA,Single,100,31,77.8986,all-salmon-files/SRR7500526.tabular,
Sample219,24 hrs_DMSO rep 2,FGSC A4,Adult,Loss2019,MM_18hr_24hr_DMSO,Loss et al. 2019 mBio,SRR7500527,20180709,NA,23111190,NA,NA,Single,100,31,80.6624,all-salmon-files/SRR7500527.tabular,
Sample220,24 hrs_DMSO rep 3,FGSC A4,Adult,Loss2019,MM_18hr_24hr_DMSO,Loss et al. 2019 mBio,SRR7500528,20180709,NA,23144087,NA,NA,Single,100,31,73.8621,all-salmon-files/SRR7500528.tabular,
Sample221,48 hrs_benzo(a)pyrene rep 1,FGSC A4,Adult,Loss2019,MM_18hr_48hr_BaP,Loss et al. 2019 mBio,SRR7500529,20180709,NA,20931201,NA,NA,Single,100,31,67.5656,all-salmon-files/SRR7500529.tabular,
Sample222,48 hrs_benzo(a)pyrene rep 2,FGSC A4,Adult,Loss2019,MM_18hr_48hr_BaP,Loss et al. 2019 mBio,SRR7500530,20180709,NA,21008759,NA,NA,Single,100,31,72.1449,all-salmon-files/SRR7500530.tabular,
Sample223,48 hrs_benzo(a)pyrene rep 3,FGSC A4,Adult,Loss2019,MM_18hr_48hr_BaP,Loss et al. 2019 mBio,SRR7500531,20180709,NA,20996312,NA,NA,Single,100,31,69.6264,all-salmon-files/SRR7500531.tabular,
Sample224,hyphae_48 hrs_DMSO rep 1,FGSC A4,Adult,Loss2019,MM_18hr_48hr_DMSO,Loss et al. 2019 mBio,SRR7500532,20180709,NA,22502972,NA,NA,Single,100,31,70.0196,all-salmon-files/SRR7500532.tabular,
Sample225,hyphae_48 hrs_DMSO rep 2,FGSC A4,Adult,Loss2019,MM_18hr_48hr_DMSO,Loss et al. 2019 mBio,SRR7500533,20180709,NA,21061455,NA,NA,Single,100,31,70.1386,all-salmon-files/SRR7500533.tabular,
Sample226,hyphae_48 hrs_DMSO rep 3,FGSC A4,Adult,Loss2019,MM_18hr_48hr_DMSO,Loss et al. 2019 mBio,SRR7500534,20180709,NA,21519811,NA,NA,Single,100,31,80.2489,all-salmon-files/SRR7500534.tabular,
Sample227,FGSC A1405_rep1,FGSCA1405,Adult,Ribeiro2019,YG_20hr,Ribeiro et al. 2019 mBio,SRR7467414,20180703,NA,18023856,NA,NA,Single,100,31,84.8256,all-salmon-files/SRR7467414.tabular,
Sample228,FGSC A1405_rep2,FGSCA1405,Adult,Ribeiro2019,YG_20hr,Ribeiro et al. 2019 mBio,SRR7467415,20180703,NA,17940637,NA,NA,Single,100,31,84.8314,all-salmon-files/SRR7467415.tabular,
Sample229,FGSC A1405_rep3,FGSCA1405,Adult,Ribeiro2019,YG_20hr,Ribeiro et al. 2019 mBio,SRR7467416,20180703,NA,20044648,NA,NA,Single,100,31,84.452,all-salmon-files/SRR7467416.tabular,
Sample230,FGSC A1405_rep4,FGSCA1405,Adult,Ribeiro2019,YG_20hr,Ribeiro et al. 2019 mBio,SRR7467417,20180703,NA,19919081,NA,NA,Single,100,31,84.4747,all-salmon-files/SRR7467417.tabular,
Sample231,FGSC A1358 rep1,pkaA.null,Adult,Ribeiro2019,YG_20hr,Ribeiro et al. 2019 mBio,SRR7467418,20180703,NA,17400562,NA,NA,Single,100,31,84.381,all-salmon-files/SRR7467418.tabular,
Sample232,FGSC A1358 rep2,pkaA.null,Adult,Ribeiro2019,YG_20hr,Ribeiro et al. 2019 mBio,SRR7467419,20180703,NA,17328735,NA,NA,Single,100,31,84.3641,all-salmon-files/SRR7467419.tabular,
Sample233,FGSC A1358 rep3,pkaA.null,Adult,Ribeiro2019,YG_20hr,Ribeiro et al. 2019 mBio,SRR7467420,20180703,NA,18959259,NA,NA,Single,100,31,81.9646,all-salmon-files/SRR7467420.tabular,
Sample234,FGSC A1358 rep4,pkaA.null,Adult,Ribeiro2019,YG_20hr,Ribeiro et al. 2019 mBio,SRR7467421,20180703,NA,18872526,NA,NA,Single,100,31,81.9971,all-salmon-files/SRR7467421.tabular,
Sample235,compSclB1_s,sclB.comp,Adult,Thieme2018,MM_24hr,Thieme et al. 2018 PLOS Genetics,ERR2686035,20220719,NA,34642132,NA,NA,Single,50,31,62.2891,all-salmon-files/ERR2686035.tabular,
Sample236,compSclB2_s,sclB.comp,Adult,Thieme2018,MM_24hr,Thieme et al. 2018 PLOS Genetics,ERR2686036,20211024,NA,38422805,NA,NA,Single,50,31,80.0828,all-salmon-files/ERR2686036.tabular,
Sample237,compSclB3_s,sclB.comp,Adult,Thieme2018,MM_24hr,Thieme et al. 2018 PLOS Genetics,ERR2686037,20220717,NA,30624429,NA,NA,Single,50,31,45.5711,all-salmon-files/ERR2686037.tabular,
Sample238,deltaSclB1_s,sclB.null,Adult,Thieme2018,MM_24hr,Thieme et al. 2018 PLOS Genetics,ERR2686038,20211024,NA,40190306,NA,NA,Single,50,31,81.4658,all-salmon-files/ERR2686038.tabular,
Sample239,deltaSclB2_s,sclB.null,Adult,Thieme2018,MM_24hr,Thieme et al. 2018 PLOS Genetics,ERR2686039,20211024,NA,40498617,NA,NA,Single,50,31,77.5192,all-salmon-files/ERR2686039.tabular,77.5333
Sample240,deltaSclB3_s,sclB.null,Adult,Thieme2018,MM_24hr,Thieme et al. 2018 PLOS Genetics,ERR2686040,20211024,NA,47311941,NA,NA,Single,50,31,78.286,all-salmon-files/ERR2686040.tabular,78.3005
Sample241,wt1_s,AGB551,Adult,Thieme2018,MM_24hr,Thieme et al. 2018 PLOS Genetics,ERR2686041,20211024,NA,27364597,NA,NA,Single,50,31,64.8999,all-salmon-files/ERR2686041.tabular,
Sample242,wt2_s,AGB551,Adult,Thieme2018,MM_24hr,Thieme et al. 2018 PLOS Genetics,ERR2686042,20211009,NA,31530295,NA,NA,Single,50,31,77.613,all-salmon-files/ERR2686042.tabular,77.6283
Sample243,wt3_s,AGB551,Adult,Thieme2018,MM_24hr,Thieme et al. 2018 PLOS Genetics,ERR2686043,20220717,NA,31784864,NA,NA,Single,50,31,78.953,all-salmon-files/ERR2686043.tabular,
Sample244,wt rep 1,FGSCA4,Conidia,Wu2021,48hr,Wu et al. 2021 mBio mycology,SRR12247425,20200718,NA,22284977,NA,NA,Single,100,31,87.1225,all-salmon-files/SRR12247425.tabular,
Sample245,wt rep 2,FGSCA4,Conidia,Wu2021,48hr,Wu et al. 2021 mBio mycology,SRR12247426,20200718,NA,23529096,NA,NA,Single,100,31,88.4721,all-salmon-files/SRR12247426.tabular,
Sample246,wt rep 3,FGSCA4,Conidia,Wu2021,48hr,Wu et al. 2021 mBio mycology,SRR12247427,20200718,NA,20520205,NA,NA,Single,100,31,86.0388,all-salmon-files/SRR12247427.tabular,
Sample247,THS15 dvosA rep 1,vosA.null,Conidia,Wu2021,48hr,Wu et al. 2021 mBio mycology,SRR12247428,20200718,NA,24005808,NA,NA,Single,100,31,87.9905,all-salmon-files/SRR12247428.tabular,
Sample248,THS15 dvosA rep 2,vosA.null,Conidia,Wu2021,48hr,Wu et al. 2021 mBio mycology,SRR12247429,20200718,NA,26679998,NA,NA,Single,100,31,70.4429,all-salmon-files/SRR12247429.tabular,
Sample249,THS15 dvosA rep 3,vosA.null,Conidia,Wu2021,48hr,Wu et al. 2021 mBio mycology,SRR12247430,20200718,NA,24811039,NA,NA,Single,100,31,88.4945,all-salmon-files/SRR12247430.tabular,
Sample250,THS16 dvelB rep 1,velB.null,Conidia,Wu2021,48hr,Wu et al. 2021 mBio mycology,SRR12247431,20200718,NA,21087210,NA,NA,Single,100,31,88.686,all-salmon-files/SRR12247431.tabular,
Sample251,THS16 dvelB rep 2,velB.null,Conidia,Wu2021,48hr,Wu et al. 2021 mBio mycology,SRR12247432,20200718,NA,20105111,NA,NA,Single,100,31,87.752,all-salmon-files/SRR12247432.tabular,
Sample252,THS16 dvelB rep 3,velB.null,Conidia,Wu2021,48hr,Wu et al. 2021 mBio mycology,SRR12247433,20200718,NA,22603396,NA,NA,Single,100,31,89.7045,all-salmon-files/SRR12247433.tabular,
